,Mismatch,Veri_mut_growthrate,Mutation_Effect,ABE_Activity,Veri_Mut_D0_Freq,mut,DMS_Pred_Veri_growthrate,within_editing_window,sgName,Veri_mut_pvalue,Veri_mut_padj
0,[],0.0524712651572668,[],WT,0.831575926930732,WT,0.055,False,None,0.19308136316643,0.349748074591792
1,"[[77, 'C']]",0.0372033550993385,"[['ctg', 'cCg', 'L', 248, 'P']]",A > G,0.0162167643336753,L248P,0.0117471339013615,True,BCRABL_1776,1.39653187213628E-22,6.66345207562169E-21
2,"[[89, 'G']]",0.0391440859127242,"[['cag', 'cGg', 'Q', 252, 'R']]",A > G,0.0138519405453012,Q252R,0.0261731935396602,True,BCRABL_1792,4.5168420838629E-58,5.02875085336736E-56
3,"[[181, 'C']]",0.0414403611234009,"[['ttc', 'Ctc', 'F', 283, 'L']]",A > G,0.00603599060752423,F283L,0.0539714334953806,True,BCRABL_1831,2.93214752476279E-23,1.95867454654155E-21
4,"[[143, 'C']]",0.0338898082793892,"[['gtg', 'gCg', 'V', 270, 'A']]",A > G,0.00640448097857942,V270A,0.0215958578623264,True,BCRABL_1811,3.89173199848696E-81,1.29983848749465E-78
5,"[[163, 'G']]",0.0476153823882678,"[['acc', 'Gcc', 'T', 277, 'A']]",A > G,0.00614283869145137,T277A,0.0605092971907639,True,BCRABL_1829,4.07384978608216E-16,1.23696893504676E-14
6,"[[155, 'G']]",0.0532065692125168,"[['aag', 'aGg', 'K', 274, 'R']]",A > G,0.0046150234539891,K274R,0.05889240876362,True,BCRABL_1824,0.195440041704929,0.350951472738958
7,"[[154, 'G']]",0.0406985745222362,"[['aag', 'Gag', 'K', 274, 'E']]",A > G,0.0048523715770528,K274E,0.0324796824693075,True,BCRABL_1824,4.24255995448274E-13,1.1808458539977E-11
8,"[[104, 'G']]",0.0378008201993244,"[['tac', 'tGc', 'Y', 257, 'C']]",A > G,0.00297700413932412,Y257C,0.0144385212342322,True,BCRABL_1800,1.76726484390696E-63,2.95133228932463E-61
9,"[[287, 'C']]",0.0424796812640421,"[['atg', 'aCg', 'M', 318, 'T']]",A > G,0.00245255528729381,M318T,0.0165861857509843,True,BCRABL_1873,2.54377947421896E-12,5.31013965243209E-11
10,"[[145, 'G']]",0.0389357426105348,"[['aag', 'Gag', 'K', 271, 'E']]",A > G,0.0025457933824783,K271E,0.0214249871752132,True,BCRABL_1817,3.57215274796704E-16,1.19309901782099E-14
11,"[[277, 'G']]",0.0471637387369435,"[['act', 'Gct', 'T', 315, 'A']]",A > G,0.00232127150296454,T315A,0.051454273029035,True,BCRABL_1874,8.35942833994737E-09,9.62775539842214E-08
12,"[[191, 'G']]",0.0429472819673242,"[['gaa', 'gGa', 'E', 286, 'G']]",A > G,0.00169056757733237,E286G,0.0115778695594221,True,BCRABL_1838,5.06944259561743E-11,8.06282774731534E-10
13,"[[125, 'G']]",0.054975784350734,"[['tac', 'tGc', 'Y', 264, 'C']]",A > G,0.00162966544399284,Y264C,0.0661430543408558,True,BCRABL_1808,0.984552922693053,0.990483964396023
