,Mismatch,baseMean,log2FoldChange,lfcSE,stat,pvalue,padj,Veri_growthrate_D6,Mutation_Effect,ABE_Activity,mut,DMS_Predicedted_Mutations,Nuc_edit_num,D0,within_editing_window,sgRNA
0,[],278728.8451022563,-0.8809905619366375,0.6304577680318165,-1.3973823570878383,0.16229862172145604,0.4868958651643681,0.050759332471484016,[],WT,WT,0.055,0,0.8696981282388334,False,['None']
1,"[[307, 'T']]",6565.210023098447,-2.0922251637029645,0.7275219378974909,-2.875824156931145,0.004029741355067519,0.04013622389647249,0.04492902796307444,"[['gac', 'Tac', 'D', 325, 'Y']]",Other,D325Y,NotFound,1,0.024512671130571595,False,['None']
2,"[[77, 'C']]",1296.1308087209134,-4.108801531100983,0.5077138828810466,-8.092750010666231,5.833250710612176e-16,7.262397134712159e-14,0.035222193078034494,"[['ctg', 'cCg', 'L', 248, 'P']]",A > G,L248P,0.0117471339013615,1,0.015735145837545726,True,['BCRABL_1776']
3,"[[89, 'G']]",570.5791096097643,-3.451839712699826,0.6796179362282212,-5.079088600658518,3.792498235293866e-07,1.5738867676469544e-05,0.038384493301369886,"[['cag', 'cGg', 'Q', 252, 'R']]",A > G,Q252R,0.0261731935396602,1,0.006390165807434199,True,['BCRABL_1792']
4,"[[89, 'G'], [92, 'G']]",648.6607126100945,-4.02854639628573,0.7844940151490992,-5.135216226627393,2.818198182407365e-07,1.4034626948388677e-05,0.035608502942080685,"[['cag', 'cGg', 'Q', 252, 'R'], ['tac', 'tGc', 'Y', 253, 'C']]",A > G,"['Q252R', 'Y253C']",0.009618012245345713,2,0.008097607615790741,True,['BCRABL_1792']
5,"[[143, 'C']]",494.392438064599,-4.998808694837484,0.5615170825738891,-8.902327017236736,5.468786515679821e-19,1.3617278424042755e-16,0.030938123937603184,"[['gtg', 'gCg', 'V', 270, 'A']]",A > G,V270A,0.0215958578623264,1,0.006321423123968996,True,['BCRABL_1811']
6,"[[181, 'C']]",435.35355373746484,-2.7759172849292555,0.5786416937989359,-4.7972991139035,1.6081936190827203e-06,5.7205744450228193e-05,0.04163806083669214,"[['ttc', 'Ctc', 'F', 283, 'L']]",A > G,F283L,0.0539714334953806,1,0.004543355467917532,True,['BCRABL_1831']
7,"[[155, 'G']]",1036.5878314545878,-0.7423369570168822,0.6234050728073753,-1.1907778576037598,0.2337408036042462,0.6080720986146065,0.051426744661238186,"[['aag', 'aGg', 'K', 274, 'R']]",A > G,K274R,0.05889240876362,1,0.003902336758165964,True,['BCRABL_1824']
8,"[[163, 'G'], [166, 'G']]",347.3033463225676,-2.7835256953204035,0.6044768077944112,-4.604851103348054,4.127610796388385e-06,0.00012847188603758847,0.0416014375852257,"[['acc', 'Gcc', 'T', 277, 'A'], ['atg', 'Gtg', 'M', 278, 'V']]",A > G,"['T277A', 'M278V']",0.01654300780188077,2,0.0035047296472744726,True,['BCRABL_1829']
9,"[[154, 'G'], [155, 'G']]",319.7392438221889,-3.130835793374143,0.7081645426386288,-4.421056978804128,9.821926760567085e-06,0.00022233270576192766,0.03992965275712884,"[['aag', 'GGg', 'K', 274, 'G']]",A > G,K274G,0.0170760162562144,2,0.003326506693262142,True,['BCRABL_1824']
10,"[[163, 'G']]",390.85844860417643,-0.4363565061384263,0.586623378670896,-0.7438443846664837,0.4569706247687677,0.8201847186802856,0.05289958831979973,"[['acc', 'Gcc', 'T', 277, 'A']]",A > G,T277A,0.0605092971907639,1,0.0016578537179970764,True,['BCRABL_1829']
11,"[[104, 'G']]",183.0184614438803,-3.578137561104347,0.6030414337746296,-5.9334854301928095,2.9657032880526884e-09,2.4615337290837313e-07,0.03777655581850613,"[['tac', 'tGc', 'Y', 257, 'C']]",A > G,Y257C,0.0144385212342322,1,0.0020886968001711994,True,['BCRABL_1800']
12,"[[277, 'G']]",240.41253645476348,-0.9946904307621741,0.5471696346530166,-1.817883098342892,0.06908200211130959,0.30054271408582267,0.05021203564157807,"[['act', 'Gct', 'T', 315, 'A']]",A > G,T315A,0.051454273029035,1,0.00159330746724486,True,['BCRABL_1874']
13,"[[287, 'C']]",158.53042764189317,-2.3529727978823547,0.618516702538253,-3.8042186867812706,0.00014225246902540325,0.0025300617705232434,0.04367391346676111,"[['atg', 'aCg', 'M', 318, 'T']]",A > G,M318T,0.0165861857509843,1,0.0015229995723633814,True,['BCRABL_1873']
14,"[[145, 'G']]",127.38706174340352,-2.719236020080126,0.6554913735787565,-4.148393296518971,3.3481683817400084e-05,0.0006947449392110518,0.04191089735697509,"[['aag', 'Gag', 'K', 271, 'E']]",A > G,K271E,0.0214249871752132,1,0.001331090269212074,True,['BCRABL_1817']
15,"[[297, 'A']]",386.9868493530189,-0.2193981100839647,0.506779217545094,-0.4329264154650192,0.6650682288230232,0.9170760994648196,0.05394392235121611,"[['ggg', 'ggA', 'G', 321, 'G']]",Other,G321G,NotFound,1,0.0013994804512226869,False,['None']
16,"[[176, 'G']]",552.1813860850054,0.9387717728592959,0.55469310170701,1.6924165272117573,0.09056658333629444,0.3316335183931958,0.05951879866351863,"[['gaa', 'gGa', 'E', 281, 'G']]",A > G,E281G,0.0664149746277779,1,0.0009376435519188826,True,['BCRABL_1833']
17,"[[90, 'A']]",66.85591986775701,-2.9265741426578122,0.7860312420943117,-3.723228780143917,0.00019669113855577238,0.003265072900025822,0.040912870724424295,"[['cag', 'caA', 'Q', 252, 'Q']]",Other,Q252Q,NotFound,1,0.0006562237086274453,False,['None']
18,"[[92, 'G']]",172.6463667896117,-2.955850294968896,0.5448707641086941,-5.4248649215087,5.799838365471659e-08,3.610399382506108e-06,0.04077194931864602,"[['tac', 'tGc', 'Y', 253, 'C']]",A > G,Y253C,0.0202111627185439,1,0.0013104190434174597,True,['BCRABL_1792']
19,"[[296, 'A']]",285.9048284146188,-0.0936624635322044,0.511272595299311,-0.1831947661449998,0.8546452008876214,0.9925554170338341,0.05454915366304412,"[['ggg', 'gAg', 'G', 321, 'E']]",Other,G321E,0.0251421417287665,1,0.0010510939352507637,False,['None']
20,"[[191, 'G']]",85.20535840717031,-1.702104408518006,0.6277082009377349,-2.711617286464041,0.006695584904967318,0.05748967728747801,0.046806882834840906,"[['gaa', 'gGa', 'E', 286, 'G']]",A > G,E286G,0.0115778695594221,1,0.0007781015060264451,True,['BCRABL_1838']
21,"[[247, 'C']]",85.29639637035665,-2.5601639196298795,0.5636550896742532,-4.5420754048534295,5.5703108352567995e-06,0.00015411193310877147,0.04267659442595313,"[['tgc', 'Cgc', 'C', 305, 'R']]",A > G,C305R,0.0294047395362684,1,0.0007264935473462143,True,['BCRABL_1855']
22,"[[269, 'G']]",76.13558899407606,-1.8125691808188047,0.5536345956509346,-3.273944935987392,0.0010605727602071098,0.014671256516198352,0.04627515821351108,"[['tat', 'tGt', 'Y', 312, 'C']]",A > G,Y312C,0.0155708531740903,1,0.0006837656425895682,True,['BCRABL_1869']
24,"[[96, 'A']]",124.6074659508121,-1.1953567678970711,0.7049810762144824,-1.6955870281167629,0.08996411609797694,0.3316335183931958,0.04924612379561734,"[['ggg', 'ggA', 'G', 254, 'G']]",Other,G254G,NotFound,1,0.0007194586014896392,False,['None']
25,"[[295, 'A']]",213.08796450126474,-0.11050316867913441,0.5215065107796395,-0.21189221303092623,0.8321911257677594,0.9925554170338341,0.05446809055685499,"[['ggg', 'Agg', 'G', 321, 'R']]",Other,G321R,0.0209202778367451,1,0.0007567357998873405,False,['None']
27,"[[288, 'A']]",212.36811541085117,0.07916926132753747,0.5206113466109882,0.1520697961020324,0.879131886331811,0.9925554170338341,0.05538108298802914,"[['atg', 'atA', 'M', 318, 'I']]",Other,M318I,0.0469870254047878,1,0.0006945599018624554,False,['None']
29,"[[282, 'A']]",211.4781062912973,0.06773318471581999,0.514709750473314,0.13159491277080776,0.895304709552432,0.9925554170338341,0.05532603518066748,"[['gag', 'gaA', 'E', 316, 'E']]",Other,E316E,NotFound,1,0.0006976938322165698,False,['None']
34,"[[47, 'G']]",271.3023370935423,-0.7931433178889571,0.7530939949579971,-1.053179713553809,0.2922586342318111,0.6626729296135184,0.05118218712100909,"[['gaa', 'gGa', 'E', 238, 'G']]",A > G,E238G,NotFound,1,0.0008927871349229297,False,['None']
43,"[[125, 'G']]",245.4061203303538,-0.18374745773353057,0.5639244206366737,-0.32583702888071187,0.7445476612692887,0.9605822158344709,0.05411552755372879,"[['tac', 'tGc', 'Y', 264, 'C']]",A > G,Y264C,0.0661430543408558,1,0.0006710882190869617,True,['BCRABL_1808']
51,"[[160, 'A']]",367.4636539813804,0.01481828078312589,0.6350739326425635,0.023333158584334483,0.9813845221830648,0.9993658573701352,0.05507132812184423,"[['gac', 'Aac', 'D', 276, 'N']]",Other,D276N,0.0520850127992036,1,0.000669189534297451,False,['None']
264,"[[140, 'A']]",104.4435655935801,-5.844347507667987,1.859851923359833,-3.142372483670711,0.0016758469207903111,0.01987075634651369,0.026868104186440218,"[['gcc', 'gAc', 'A', 269, 'D']]",Other,A269D,0.0278011570922586,1,0.0013474283582026554,False,['None']
