,sgName,FC,Group,control_FC,Norm_FC,sgRNA_r
0,BCRABL_1779,0.698341712931799,10,1.0664050930797715,0.6548559430778714,0.05304009258440638
1,BCRABL_1826,0.5485353540925744,10,1.0664050930797715,0.5143780329371904,0.051922236985120426
2,mROS26_1,0.8365374419526741,10,1.0664050930797715,0.784446217840876,0.053876031179953904
3,mROS26_2,1.1932745747966635,10,1.0664050930797715,1.1189693133877425,0.05552040743383232
4,mROS26_3,1.1000502543950414,10,1.0664050930797715,1.0315500756078564,0.05514380832753334
5,mROS26_4,1.1128690007620021,10,1.0664050930797715,1.0435705980623584,0.05519744490885909
6,mROS26_5,1.0892941934924765,10,1.0664050930797715,1.021463795101167,0.05509831801745579
7,BCRABL_1780,0.35861937895648593,11,1.0495976447961455,0.34167319327982826,0.0500282380834363
8,BCRABL_1827,0.4962677454171544,11,1.0495976447961455,0.47281712938060216,0.05153219174124018
9,mROS26_1,0.7855852333685451,11,1.0495976447961455,0.7484632204192139,0.05365864252756375
10,mROS26_2,1.2336598809473525,11,1.0495976447961455,1.1753645666639772,0.05574804800450811
11,mROS26_3,1.030717840841097,11,1.0495976447961455,0.9820123415399667,0.0549159657270972
12,mROS26_4,1.1076239125089402,11,1.0495976447961455,1.055284296797431,0.055249121325293374
13,mROS26_5,1.090401356314793,11,1.0495976447961455,1.0388755745794118,0.05517656921282124
14,BCRABL_1781,0.5880797529833707,12,1.014883689251906,0.5794553200641718,0.05247376518512449
15,BCRABL_1828,1.0888587356324655,12,1.014883689251906,1.072890171715232,0.055325722695061225
16,mROS26_1,0.7823098101373701,12,1.014883689251906,0.7708369130594941,0.05379500715599363
17,mROS26_2,1.132376465501528,12,1.014883689251906,1.1157696960685501,0.05550715035709653
18,mROS26_3,0.9955347876437447,12,1.014883689251906,0.9809348580403102,0.05491088321643414
19,mROS26_4,1.0770088300764369,12,1.014883689251906,1.0612140499275584,0.05527506288358403
20,mROS26_5,1.0871885529004497,12,1.014883689251906,1.0712444829040866,0.05531861592948478
21,BCRABL_1782,0.9760878029384965,13,1.048925432168684,0.9305597643108018,0.05466681029262103
22,BCRABL_1829,0.27977390849103745,13,1.048925432168684,0.2667243065244368,0.048881760583923094
23,mROS26_1,0.845520401681592,13,1.048925432168684,0.8060824685444549,0.05400199433603565
24,mROS26_2,1.1248221282624316,13,1.048925432168684,1.072356617321051,0.05532341978119986
25,mROS26_3,1.0740602661390337,13,1.048925432168684,1.023962460246943,0.05510962900939922
26,mROS26_4,1.117141592621925,13,1.048925432168684,1.0650343278570356,0.055291699219312665
27,mROS26_5,1.083082772138437,13,1.048925432168684,1.0325641260305145,0.05514835718268549
28,mROS26_1,0.8432538072447382,14,0.9828884784605763,0.8579343696911197,0.05429061261749378
29,mROS26_2,1.0441037398496114,14,0.9828884784605763,1.062280983784561,0.05527971512805314
30,mROS26_3,1.0281495263616103,14,0.9828884784605763,1.0460490166411585,0.05520842697027037
31,mROS26_4,1.0013477773905801,14,0.9828884784605763,1.018780664678169,0.05508614113619222
32,mROS26_5,0.9975875414563412,14,0.9828884784605763,1.0149549652049914,0.055068723343765
33,BCRABL_1769,1.022836911126178,1,1.0822189891428193,0.9451293327760997,0.054738733792720595
34,BCRABL_1792,0.2151236594773061,1,1.0822189891428193,0.19878015599014448,0.04752057495969925
35,BCRABL_1803,1.2841993664833675,1,1.0822189891428193,1.1866354031548905,0.05579223106570734
36,BCRABL_1817,0.15998576234098486,1,1.0822189891428193,0.14783122819504665,0.0461496110835865
37,BCRABL_1832,1.150671178370231,1,1.0822189891428193,1.0632516985140223,0.05528394376214877
38,BCRABL_1840,1.067432438263324,1,1.0822189891428193,0.9863368218190228,0.05493630843317579
39,BCR2_1047,0.20367907361887233,1,1.0822189891428193,0.18820504506227345,0.0472674849755994
40,BCRABL_1863,0.541444764346039,1,1.0822189891428193,0.500309798458531,0.05179385289113981
41,mROS26_1,0.8799035453814523,1,1.0822189891428193,0.8130549862910715,0.05404186788006003
42,mROS26_2,1.1549954737918096,1,1.0822189891428193,1.0672474659741773,0.0553013095939925
43,mROS26_3,1.1004037393085604,1,1.0822189891428193,1.0168032074359963,0.05507714627467367
44,mROS26_4,1.1502017892774248,1,1.0822189891428193,1.062817970130474,0.05528205482893726
45,mROS26_5,1.1255903979548494,1,1.0822189891428193,1.0400763701682807,0.05518191733014509
46,BCRABL_1770,1.3181139357305558,2,1.297586478524444,1.0158197218804674,0.05507266617739854
47,BCRABL_1793,0.14068850934182917,2,1.297586478524444,0.10842322393942769,0.04471429180583476
48,BCRABL_1804,1.012884121989493,2,1.297586478524444,0.7805908421158169,0.053853221499272706
49,BCRABL_1818,0.1748068151180264,2,1.297586478524444,0.1347168901735233,0.04571953790563247
50,BCRABL_1831,0.2735819361584707,2,1.297586478524444,0.21083907753845862,0.047793240267694374
51,BCRABL_1841,0.7837537680056963,2,1.297586478524444,0.6040088895631412,0.052665896466037705
52,BCR2_483,0.22395961794601513,2,1.297586478524444,0.17259706513024994,0.0468666874798253
53,BCRABL_1864,0.16118848505498629,2,1.297586478524444,0.12422176689008232,0.045344042277432946
54,BCRABL_1877,1.2359608404278015,2,1.297586478524444,0.9525074905475893,0.05477473468555442
55,BCRABL_1805,0.9887654714135002,2,1.297586478524444,0.7620035256053833,0.05374164770126169
56,mROS26_1,1.0449161518965433,2,1.297586478524444,0.8052766957657991,0.05399736417049046
57,mROS26_2,1.4298270944059432,2,1.297586478524444,1.1019127573153176,0.055449294166696056
58,mROS26_3,1.3296369509974288,2,1.297586478524444,1.0247000666263348,0.055112962740017896
59,mROS26_4,1.3849844879498987,2,1.297586478524444,1.0673542849528146,0.05530177294253863
60,mROS26_5,1.298567707372406,2,1.297586478524444,1.000756195339734,0.05500349958133378
61,BCRABL_1772,0.9586487870826214,3,1.2614586557134748,0.7599526014908624,0.05372917030506472
62,BCRABL_1794,0.28790371547861027,3,1.2614586557134748,0.2282307978740479,0.048160194950687636
63,BCRABL_1805,0.7368283222841558,3,1.2614586557134748,0.5841081821801043,0.052510791343285755
64,BCRABL_1821,0.5514203850593862,3,1.2614586557134748,0.437129177846503,0.051168858675515544
65,BCRABL_1833,1.2354253302539338,3,1.2614586557134748,0.9793625218380092,0.054903456449551025
66,BCR2_445,1.2609102234388254,3,1.2614586557134748,0.9995652395961093,0.05499798678268705
67,BCRABL_1855,0.13197127593404623,3,1.2614586557134748,0.10461799547398082,0.04454889027181293
68,BCR2_851,0.22592704737650587,3,1.2614586557134748,0.1790998431484246,0.04703790812179455
69,mROS26_1,1.0567412549597688,3,1.2614586557134748,0.8377137452531737,0.054180190603551864
70,mROS26_2,1.3283335232727305,3,1.2614586557134748,1.053013919446636,0.05523915024033416
71,mROS26_3,1.2464057001994462,3,1.2614586557134748,0.9880670242771336,0.054944422475935166
72,mROS26_4,1.232732691957368,3,1.2614586557134748,0.977227978399451,0.05489335505176936
73,mROS26_5,1.4430801081780606,3,1.2614586557134748,1.143977332623606,0.05562273647509768
74,BCRABL_1773,1.456282311989906,4,1.104581877520337,1.3184014165243205,0.056279722012033864
75,BCRABL_1795,0.21573526310557892,4,1.104581877520337,0.19530943562996025,0.04743902718171712
76,BCRABL_1808,1.22320987306905,4,1.104581877520337,1.1073962899110923,0.05547227581079259
77,BCRABL_1822,0.24117257723659097,4,1.104581877520337,0.2183383433539544,0.0479550491406531
78,BCRABL_1835,0.8713411690226232,4,1.104581877520337,0.7888425355834071,0.05390190484848877
79,BCRABL_1843,1.0435344776624584,4,1.104581877520337,0.9447325715727627,0.05473678988618899
80,BCRABL_1861,0.6490133787044882,4,1.104581877520337,0.5875647536074471,0.052538107314207466
81,BCRABL_1872,0.5994467188277383,4,1.104581877520337,0.5426910680206244,0.05217030066454299
82,mROS26_1,0.9147920044563952,4,1.104581877520337,0.8281794433473787,0.05412719708769224
83,mROS26_2,1.087680715661745,4,1.104581877520337,0.9846990411461998,0.0549286146922173
84,mROS26_3,1.1057046924922258,4,1.104581877520337,1.0010165067839147,0.05500470365967936
85,mROS26_4,1.1720047244989802,4,1.104581877520337,1.0610392478373807,0.05527430023292523
86,mROS26_5,1.2427272504923395,4,1.104581877520337,1.1250657608851262,0.05554556244475982
87,BCRABL_1774,1.2450798103290945,5,1.0536131225260488,1.1817239019802661,0.055773029195525396
88,BCR2_147,0.19988361791149706,5,1.0536131225260488,0.18971253645007186,0.047304419821468616
89,BCRABL_1809,1.086201482505499,5,1.0536131225260488,1.0309301007008336,0.05514102502389862
90,BCRABL_1824,0.27848570480679224,5,1.0536131225260488,0.26431495475219574,0.04883975057184126
91,BCR2_302,0.37566224409378834,5,1.0536131225260488,0.3565466641048795,0.05022550855282893
92,BCR2_357,1.0485541608703846,5,1.0536131225260488,0.9951984636983874,0.054977717126343334
93,BCRABL_1868,0.20201658656751006,5,1.0536131225260488,0.19173696895799203,0.04735356111323084
94,mROS26_1,0.8650605210617229,5,1.0536131225260488,0.8210419010231489,0.054087124378411906
95,mROS26_2,1.1157701188736187,5,1.0536131225260488,1.0589941364801416,0.055265368193324046
96,mROS26_3,1.1281440581904942,5,1.0536131225260488,1.070738427674246,0.05531642837857734
97,mROS26_4,1.0632240191076625,5,1.0536131225260488,1.0091218459376925,0.0550420393203075
98,mROS26_5,1.0958668953967459,5,1.0536131225260488,1.0401036888847712,0.055182038930714
99,BCRABL_1775,1.5927531215640662,6,1.1730805901936998,1.3577525149410834,0.056415883195448754
100,BCRABL_1796,0.4936629124466608,6,1.1730805901936998,0.4208260852437656,0.05099289060262878
101,BCRABL_1810,1.0570182599891411,6,1.1730805901936998,0.9010619294405047,0.054517679214733
102,BCRABL_1825,0.5937432163440206,6,1.1730805901936998,0.5061401759669226,0.05184749249788371
103,BCR2_842,0.7371872363863323,6,1.1730805901936998,0.628419941945001,0.05284932111746413
104,BCR2_975,0.5414524702047443,6,1.1730805901936998,0.4615645972927907,0.05142067934088406
105,mROS26_1,0.9284770364453501,6,1.1730805901936998,0.7914861469935662,0.0539173939720678
106,mROS26_2,1.3618175596935358,6,1.1730805901936998,1.1608900284239394,0.05569068044816198
107,mROS26_3,1.1095327776589672,6,1.1730805901936998,0.9458282635771516,0.05474215617606669
108,mROS26_4,1.2554144508424743,6,1.1730805901936998,1.0701860224583373,0.05531403928762952
109,mROS26_5,1.210161126328172,6,1.1730805901936998,1.0316095385470059,0.055144075191408674
110,BCRABL_1777,1.440411869641546,7,1.1589087186666875,1.2429036441271448,0.056006714308890065
111,BCRABL_1797,0.6547374351830743,7,1.1589087186666875,0.5649603153700862,0.052356482460252075
112,BCR2_487,0.5355801311868027,7,1.1589087186666875,0.4621417740328868,0.05142646497789642
113,BCRABL_1823,0.5502576829789089,7,1.1589087186666875,0.4748067506230988,0.051551632414244715
114,BCR2_675,1.1009739414880835,7,1.1589087186666875,0.9500091972340519,0.054762575865113836
115,BCRABL_1874,0.4730858312398977,7,1.1589087186666875,0.40821664693676485,0.05085204977725383
116,mROS26_1,0.9299579763008892,7,1.1589087186666875,0.8024428165238037,0.05398104313340278
117,mROS26_2,1.197311676663967,7,1.1589087186666875,1.0331371723921983,0.055150925794599785
118,mROS26_3,1.2418384559642623,7,1.1589087186666875,1.0715584721745683,0.05531997270756554
119,mROS26_4,1.240379034904637,7,1.1589087186666875,1.0702991658667305,0.055314528720660165
120,mROS26_5,1.1850564494996816,7,1.1589087186666875,1.022562373042699,0.055103294479653335
121,BCRABL_1778,1.3172478349685888,8,1.2006143354342167,1.0971448500089667,0.05542921858572704
122,BCRABL_1798,0.786639211989986,8,1.2006143354342167,0.6551972509186211,0.05304250489702903
123,BCRABL_1811,0.19301065544891252,8,1.2006143354342167,0.16075991244857815,0.04653776271291307
124,BCR2_1111,0.19618497271810967,8,1.2006143354342167,0.16340382329947525,0.04661328380359087
125,BCR2_1099,1.0940411831350456,8,1.2006143354342167,0.9112344829194234,0.054569652665969616
126,BCRABL_1875,1.0449286905548707,8,1.2006143354342167,0.8703283475096603,0.054357015149979385
127,mROS26_1,0.8555094699533059,8,1.2006143354342167,0.712559766033362,0.05343105792497614
128,mROS26_2,1.159689190741276,8,1.2006143354342167,0.965913163382195,0.054839438232456815
129,mROS26_3,1.1066282691843183,8,1.2006143354342167,0.9217183541158476,0.05462261307939244
130,mROS26_4,1.1962755282902586,8,1.2006143354342167,0.996386177462733,0.054983239036256834
131,mROS26_5,1.6849692190019243,8,1.2006143354342167,1.4034225390058621,0.05656904594441405
132,BCRABL_1776,0.06948181865756783,9,1.2720643843501729,0.05462130652534718,0.041540133134495345
133,BCRABL_1800,0.22370316990869907,9,1.2720643843501729,0.17585837058316559,0.04695335036808045
134,BCR2_962,0.4143655399420911,9,1.2720643843501729,0.32574258429047004,0.04980718598023425
135,BCRABL_1876,0.47181716610178814,9,1.2720643843501729,0.3709066710037742,0.05040831107102726
136,mROS26_1,1.010471404952995,9,1.2720643843501729,0.7943555510118214,0.05393414758924927
137,mROS26_2,1.3803037093520003,9,1.2720643843501729,1.0850895020200733,0.055378067008941496
138,mROS26_3,1.2132999308132602,9,1.2720643843501729,0.9538038685306545,0.054781031401794626
139,mROS26_4,1.3221187314676877,9,1.2720643843501729,1.0393489101128202,0.05517867809784714
140,mROS26_5,1.4341281451649215,9,1.2720643843501729,1.127402168324631,0.05555516675907467
