,sgName,sgRNA_D0_1_1,sgRNA_D0_2_1,sgRNA_D0_3_1,sgRNA_D0_4_1,sgRNA_D0_5_1,sgRNA_D0_6_1,sgRNA_D0_7_1,sgRNA_D0_8_1,sgRNA_D0_9_1,sgRNA_D0_10_1,sgRNA_D0_11_1,sgRNA_D0_12_1,sgRNA_D0_13_1,sgRNA_D0_14_1,sgRNA_D0_1_2,sgRNA_D0_2_2,sgRNA_D0_3_2,sgRNA_D0_4_2,sgRNA_D0_5_2,sgRNA_D0_6_2,sgRNA_D0_7_2,sgRNA_D0_8_2,sgRNA_D0_9_2,sgRNA_D0_10_2,sgRNA_D0_11_2,sgRNA_D0_12_2,sgRNA_D0_13_2,sgRNA_D0_14_2,sgRNA_D0_1_3,sgRNA_D0_2_3,sgRNA_D0_3_3,sgRNA_D0_4_3,sgRNA_D0_5_3,sgRNA_D0_6_3,sgRNA_D0_7_3,sgRNA_D0_8_3,sgRNA_D0_9_3,sgRNA_D0_10_3,sgRNA_D0_11_3,sgRNA_D0_12_3,sgRNA_D0_13_3,sgRNA_D0_14_3,sgRNA_D9_1_1,sgRNA_D9_2_1,sgRNA_D9_3_1,sgRNA_D9_4_1,sgRNA_D9_5_1,sgRNA_D9_6_1,sgRNA_D9_7_1,sgRNA_D9_8_1,sgRNA_D9_9_1,sgRNA_D9_10_1,sgRNA_D9_11_1,sgRNA_D9_12_1,sgRNA_D9_13_1,sgRNA_D9_14_1,sgRNA_D9_1_2,sgRNA_D9_2_2,sgRNA_D9_3_2,sgRNA_D9_4_2,sgRNA_D9_5_2,sgRNA_D9_6_2,sgRNA_D9_7_2,sgRNA_D9_8_2,sgRNA_D9_9_2,sgRNA_D9_10_2,sgRNA_D9_11_2,sgRNA_D9_12_2,sgRNA_D9_13_2,sgRNA_D9_14_2,sgRNA_D9_1_3,sgRNA_D9_2_3,sgRNA_D9_3_3,sgRNA_D9_4_3,sgRNA_D9_5_3,sgRNA_D9_6_3,sgRNA_D9_7_3,sgRNA_D9_8_3,sgRNA_D9_9_3,sgRNA_D9_10_3,sgRNA_D9_11_3,sgRNA_D9_12_3,sgRNA_D9_13_3,sgRNA_D9_14_3
0,BCRABL_1769,114408,2,0,1,3,3,0,1,0,10,12,2,0,6,28049,1,3,3,3,2,2,3,21,8,62,18,90,2,45537,1,1,4,3,0,0,2,1,32,70,1,1,5,236765,5,3,8,6,2,2,4,0,14,119,4,4,2,40384,0,8,3,3,5,7,12,39,24,18,2,24,3,35748,2,5,7,9,2,5,4,22,31,9,19,43,4
1,BCRABL_1792,87722,15,1,0,0,2,0,0,0,2,0,48,9,2,20730,27,4,0,0,4,0,0,19,5,28,6,71,24,35609,74,4,0,2,1,0,2,9,13,29,0,16,4,43502,29,1,9,4,0,10,0,0,2,31,0,8,1,5988,18,3,1,2,4,1,1,10,2,6,15,0,0,5336,52,7,2,1,1,4,1,40,11,39,0,9,2
2,BCRABL_1803,39447,25,0,0,0,0,0,0,0,1,0,2,2,0,9688,29,0,0,1,0,2,0,8,6,2,31,54,0,16921,80,1,0,0,1,0,0,1,1,23,0,3,1,91553,103,1,2,4,1,1,7,0,1,38,4,1,3,16303,112,2,0,1,0,4,5,15,3,3,1,25,1,19446,382,2,5,0,2,1,2,14,0,4,1,45,6
3,BCRABL_1817,51835,1,2,2,2,0,0,0,0,0,6,2,0,13,12856,1,0,16,0,2,0,1,3,0,33,15,121,14,22583,3,0,21,0,0,0,4,0,5,1,1,18,0,16835,0,0,0,1,2,0,0,0,0,86,2,0,0,2445,0,0,0,1,0,1,0,11,0,16,0,1,0,3184,35,0,2,1,1,0,0,29,0,12,16,43,0
4,BCRABL_1832,73178,0,3,0,0,0,0,1,0,0,1,1,4,0,17888,3,1,0,1,0,1,0,18,0,2,14,188,0,33966,0,4,2,0,1,0,2,49,17,23,12,106,2,169108,2,1,5,1,1,2,1,0,0,136,2,11,16,29568,2,6,8,5,2,7,4,27,1,11,43,36,12,29598,1,2,2,3,5,2,3,7,0,10,18,31,4
5,BCRABL_1840,45297,1,0,0,1,2,1,0,0,40,24,0,3,5,11634,0,0,0,0,1,27,0,2,3,1,1,100,14,19213,0,3,0,2,1,0,0,10,6,76,33,282,1,101066,0,2,1,0,2,8,1,0,17,71,11,0,1,15935,1,2,0,0,0,5,3,19,1,18,0,0,0,16658,1,2,1,5,3,0,2,11,0,108,1,156,2
6,BCR2_1047,37908,4,0,0,0,2,1,1,0,0,1,26,1,1,9278,17,0,0,2,0,1,2,14,1,0,0,65,0,16306,26,0,0,1,2,1,3,6,11,65,0,408,2,19494,4,0,5,0,0,0,0,0,1,18,0,0,0,2302,47,0,0,0,1,8,0,11,9,7,11,0,0,2283,1,1,0,0,1,1,0,18,0,9,0,216,0
7,BCRABL_1863,76303,1,0,1,0,0,6,0,0,12,8,23,8,0,19804,0,0,0,0,2,1,5,12,8,64,26,56,1,33430,1,2,0,1,2,4,0,4,10,58,17,3,2,82939,2,2,4,0,1,2,1,0,1,93,5,41,9,14909,3,2,5,0,1,3,3,26,1,13,0,2,4,14136,1,0,2,4,7,1,4,2,6,36,1,10,3
8,BCRABL_1873,45543,3,0,0,0,0,0,0,0,1,8,39,4,0,11516,11,0,0,0,0,2,0,0,0,1,15,112,13,17874,2,0,0,1,1,0,1,12,25,45,1,2,2,11366,0,0,3,0,0,5,2,0,0,34,0,1,0,1713,20,0,0,0,0,0,0,4,0,0,0,20,15,1404,0,0,0,0,1,1,0,24,0,11,1,35,0
9,BCRABL_1770,0,6319,0,0,0,1,0,7,0,2,0,20,0,0,0,8202,62,2,0,4,0,2,11,0,0,10,85,0,0,16249,0,0,0,0,0,9,6,0,13,0,17,0,26,19546,0,3,1,0,1,113,0,1,1,2,2,2,1,49448,4,0,1,1,4,158,8,1,0,1,1,16,25,50139,3,1,6,1,2,85,7,1,1,10,2,1
10,BCRABL_1793,4,6372,0,2,2,5,0,5,0,1,0,17,0,12,1,8321,143,0,0,0,0,0,4,0,0,10,17,0,1,15165,0,0,0,4,1,1,0,0,0,0,71,1,8,2356,0,9,0,0,0,0,0,0,0,2,0,2,7,5049,0,1,0,0,1,0,5,0,0,0,0,1,23,4709,1,1,1,0,0,0,0,0,9,11,74,1
11,BCRABL_1804,0,2406,3,0,0,0,0,0,0,0,0,115,0,0,0,3294,93,0,0,0,0,0,0,0,1,0,43,0,0,6517,0,0,1,0,0,2,0,1,0,0,13,1,1,6074,4,2,0,0,0,21,0,1,0,0,3,0,1,14715,15,3,0,1,0,26,3,0,0,0,4,1,3,15118,5,0,1,0,0,4,0,0,1,0,1,2
12,BCRABL_1818,4,5033,1,0,0,5,0,0,0,29,0,0,6,0,2,5920,105,0,0,3,0,4,0,0,1,0,33,16,3,11168,0,0,0,0,0,24,0,0,0,17,228,0,0,1875,0,1,0,0,0,0,0,0,0,0,4,0,0,5600,0,0,0,0,15,0,10,0,1,31,0,0,14,4172,1,0,0,0,0,0,13,0,11,1,84,0
13,BCRABL_1831,0,4514,0,1,0,3,0,12,0,0,0,266,6,0,0,6288,45,1,0,0,0,8,14,0,0,0,40,5,0,11800,0,0,0,6,1,2,0,9,25,1,1,0,0,3542,0,0,0,1,0,1,0,0,0,13,0,0,1,7355,0,2,0,0,1,0,0,0,0,0,0,0,11,6501,1,0,0,0,0,1,0,0,37,0,1,1
14,BCRABL_1841,0,3122,15,0,0,0,0,0,0,0,0,0,0,0,0,4401,217,0,0,3,0,0,1,0,1,0,30,0,2,7842,11,0,0,0,0,0,1,0,0,0,314,0,0,5743,72,0,1,0,3,4,0,0,11,5,0,0,1,16087,47,2,0,0,5,1,2,0,0,0,5,1,4,14030,14,1,1,1,0,1,0,1,0,1,115,0
15,BCR2_483,48,10104,0,0,3,1,0,7,0,1,0,1,2,0,12,12532,134,0,4,0,0,0,2,0,12,15,99,0,11,23026,4,0,2,5,3,18,16,0,1,0,335,1,39,5515,0,3,0,2,0,2,0,0,18,1,0,0,8,12024,0,0,0,1,2,0,2,7,0,1,0,1,17,12448,0,1,0,0,0,7,1,3,0,0,188,1
16,BCRABL_1864,2,4836,0,0,1,0,0,1,0,0,1,0,7,0,1,5910,126,0,0,0,0,0,6,0,1,0,17,0,0,11225,0,0,0,0,0,2,0,0,0,0,1,0,0,2252,0,0,0,0,0,1,0,1,1,0,0,1,0,3829,0,0,1,0,0,1,0,1,4,0,0,0,4,3769,1,0,0,4,0,0,8,0,0,0,4,0
17,BCRABL_1877,0,4596,0,0,0,1,0,17,0,0,0,0,0,0,0,6177,114,0,0,1,2,0,0,0,0,0,49,0,0,11834,0,0,1,0,0,0,6,0,2,5,46,4,6,14315,0,2,4,0,7,21,0,6,1,2,0,5,5,33241,4,3,1,0,7,8,1,6,15,0,1,0,13,33503,2,2,2,3,0,1,7,2,13,0,31,0
18,BCRABL_1772,0,0,6170,37,1,0,0,0,0,0,17,1,0,0,0,1,30451,32,0,0,0,1,0,0,0,0,19,0,1,2,7212,76,4,1,0,0,0,0,0,0,4,0,5,3,68582,577,3,0,3,2,0,3,20,2,2,1,1,4,71149,200,1,1,3,8,2,8,41,0,3,2,31,3,66523,372,7,10,13,3,11,3,3,1,2,2
19,BCRABL_1794,5,3,6705,41,1,0,0,0,0,18,0,0,0,0,1,2,30715,74,0,0,0,1,0,0,0,1,25,10,1,2,7607,137,0,1,0,0,2,0,20,1,14,0,16,0,19902,98,3,0,1,1,0,1,0,0,0,0,0,4,21688,157,0,1,5,0,1,0,25,0,1,0,37,21,23402,356,1,2,0,1,0,6,1,0,16,1
20,BCRABL_1805,2,2512,3281,0,1,2,0,1,0,0,0,119,0,0,0,3336,15714,0,0,0,0,0,2,0,1,0,37,0,0,6630,3977,1,0,0,0,4,0,0,0,0,170,0,4,6085,28129,9,3,1,0,22,0,2,2,1,18,0,4,14622,28196,8,2,1,6,24,4,0,3,0,8,1,26,15181,28131,9,4,5,2,8,1,14,0,0,38,1
21,BCRABL_1821,0,0,5101,9,0,0,0,1,0,0,14,15,0,0,1,1,22749,20,1,0,1,0,0,0,0,0,1,0,1,0,6194,28,0,1,0,0,0,0,7,14,8,1,4,0,32475,65,3,1,0,4,0,1,0,3,0,1,1,0,27346,35,7,0,3,4,0,2,0,0,4,0,15,1,36100,29,5,0,2,3,0,0,0,0,6,1
22,BCRABL_1833,2,0,3343,54,0,1,2,0,0,0,2,1,10,0,0,0,18179,52,0,0,0,0,0,0,0,16,21,0,0,0,3686,173,0,0,0,0,0,0,0,0,0,2,12,2,51437,145,5,1,1,3,0,1,1,1,2,2,1,1,53578,280,0,2,8,7,2,13,5,1,19,0,11,2,41318,481,6,1,3,2,0,11,86,2,16,2
23,BCR2_445,0,0,3020,95,0,0,0,1,0,1,0,0,4,0,0,0,15423,119,1,0,0,0,0,0,1,0,5,0,0,1,3103,356,1,0,0,0,1,0,0,0,36,0,24,1,45852,639,3,1,1,0,0,3,1,1,1,0,1,1,46042,853,0,0,4,0,1,0,3,0,2,2,20,2,37144,1488,5,1,8,1,3,27,2,0,27,2
24,BCRABL_1855,0,4,7114,2,3,1,2,0,0,0,24,41,0,1,2,1,27618,1,1,0,2,0,4,0,0,0,11,5,1,9,7150,27,0,1,0,2,11,0,23,0,1,0,17,10,9085,2,1,0,0,0,0,0,33,0,1,0,6,1,8359,21,0,0,0,0,29,0,13,16,1,1,16,6,11357,0,0,1,0,0,0,9,4,0,13,0
25,BCR2_851,0,0,4446,0,8,0,0,0,0,0,0,0,0,1,0,0,17483,0,14,0,0,0,11,0,0,0,3,0,0,0,4624,0,38,2,1,0,0,0,1,0,107,0,0,0,11593,5,22,0,0,0,0,0,0,0,0,0,0,0,9303,0,5,0,2,0,1,0,0,0,25,7,5,0,10420,2,2,0,0,0,0,0,0,0,97,0
26,BCRABL_1773,0,0,9,10033,17,15,0,0,0,25,20,204,24,2,3,3,0,11254,32,6,1,13,30,0,55,22,65,58,0,2,0,27725,3,38,1,9,6,22,143,1,206,2,7,4,7,105230,59,2,32,4,0,35,189,52,65,20,3,5,3,116374,134,14,7,7,135,17,71,90,83,70,3,2,1,146763,59,2,17,10,94,165,196,78,124,6
27,BCRABL_1795,1,0,0,6868,0,21,0,0,0,0,0,77,21,10,1,2,1,7007,1,126,9,0,0,0,0,1,4,13,1,1,0,18332,0,327,0,1,11,0,12,0,24,1,7,0,6,10138,0,8,1,0,0,1,11,0,0,2,0,0,1,10889,0,8,5,3,26,5,2,18,1,6,10,0,0,14903,0,23,0,0,13,20,15,0,0,0
28,BCRABL_1808,4,0,2,9438,0,9,3,1,0,21,1,30,3,0,0,1,2,10316,0,4,17,6,11,2,33,2,12,13,1,0,1,26069,5,42,1,0,20,1,59,0,43,5,23,1,5,86125,5,0,8,3,0,15,17,2,21,3,5,2,0,89261,8,18,7,7,5,3,1,10,4,14,3,3,5,111950,16,2,2,3,3,16,87,3,22,5
29,BCRABL_1822,1,0,17,7147,0,8,0,1,0,0,0,2,0,10,0,3,69,7615,1,3,1,0,5,0,18,10,1,6,0,0,33,19576,0,15,0,3,6,6,1,0,2,0,5,0,75,12894,5,1,0,0,0,0,0,10,0,0,0,1,23,12686,0,12,1,5,10,6,0,1,15,0,0,2,32,16960,2,0,0,4,7,1,5,0,1,1
30,BCRABL_1835,1,1,7,5579,0,7,0,0,0,0,0,12,4,11,0,1,10,5613,1,1,0,1,5,2,1,13,1,0,3,0,0,16374,0,22,0,0,0,0,50,0,0,0,39,0,76,32607,0,0,3,2,0,0,35,16,1,6,3,4,24,37322,1,8,8,3,17,3,0,12,5,4,2,0,2,51449,12,2,1,1,2,8,19,0,15,3
31,BCRABL_1843,1,0,1,7596,0,3,1,2,0,1,0,0,1,0,0,3,2,7675,0,0,2,2,3,0,7,0,5,6,3,0,0,23348,2,29,0,3,0,26,0,0,0,1,8,3,10,56775,1,1,3,6,0,7,23,2,26,6,7,2,3,54482,2,3,1,17,7,11,12,22,9,5,2,4,5,92395,4,2,3,1,38,3,18,26,4,3
32,BCRABL_1861,1,0,7,13796,0,5,0,0,0,7,7,14,0,14,1,2,31,14505,0,2,0,8,4,0,1,1,92,7,1,1,2,32249,2,62,1,1,1,1,11,9,10,0,12,1,97,68607,1,3,4,1,0,2,1,25,17,3,0,1,20,61795,1,8,4,4,21,3,4,13,3,7,13,1,3,77519,6,3,1,4,1,0,15,5,2,1
33,BCRABL_1872,0,0,2,6247,0,2,0,0,0,0,0,139,0,42,0,0,16,5816,4,7,0,0,1,3,0,0,38,1,0,0,2,15386,0,49,0,0,18,0,1,0,192,3,1,0,12,26750,1,16,1,0,0,1,12,0,6,0,0,0,1,25034,0,46,2,13,3,1,1,15,4,3,5,0,0,33317,1,48,0,3,2,23,13,1,49,2
34,BCRABL_1774,2,3,0,4,6767,3,0,1,0,0,0,32,2,50,0,1,1,4,20168,4,0,1,0,3,1,0,0,5,3,5,1,11,16327,2,2,11,0,15,38,15,14,4,2,3,2,98,38087,3,12,4,0,8,48,5,21,4,9,2,4,36,41551,5,4,9,26,8,28,3,3,6,60,4,6,75,164998,5,4,13,24,43,63,19,3,5
35,BCR2_147,1,0,0,0,10916,7,1,1,0,0,21,38,1,32,0,0,0,3,31306,39,0,1,45,0,0,14,26,36,1,1,0,0,23401,46,1,6,13,12,147,4,316,2,25,3,0,2,9389,2,2,5,0,0,92,33,29,4,9,5,1,0,10832,61,12,3,116,12,16,32,0,10,74,4,1,4,38205,16,13,6,22,97,38,15,195,2
36,BCRABL_1809,0,3,3,0,10635,21,2,0,0,0,0,0,14,42,2,0,2,0,30958,108,15,0,11,5,17,30,9,0,0,0,1,34,25951,257,4,0,1,1,42,20,35,1,17,4,6,12,56234,64,8,9,0,15,39,12,16,3,6,7,2,12,56840,275,10,7,77,0,18,21,2,15,61,0,3,14,208050,536,3,3,17,101,46,8,19,18
37,BCRABL_1824,6,0,0,5,8615,9,4,1,0,1,22,105,13,58,0,0,0,5,24988,102,11,1,4,0,21,7,13,15,1,2,0,9,16989,125,0,7,29,1,86,49,122,0,31,0,0,13,10389,14,5,1,0,19,32,9,22,1,3,2,0,15,13396,24,0,7,95,0,11,8,1,5,59,0,1,19,33561,77,25,0,4,33,55,27,58,1
38,BCR2_302,7,0,0,3,7437,0,0,1,0,0,0,30,8,0,1,1,0,0,21289,9,0,0,2,0,1,27,63,0,0,1,5,0,17633,34,1,1,17,0,31,0,587,0,24,0,1,9,11563,2,2,2,0,1,15,8,13,2,7,2,3,5,13947,0,8,2,49,1,20,0,24,8,37,6,3,1,55288,138,1,5,13,29,25,19,219,2
39,BCR2_357,6,0,0,0,10155,2,0,0,0,0,1,20,9,8,1,3,0,1,27703,0,0,1,5,3,16,6,1,0,4,1,0,0,22656,1,5,5,13,5,60,0,356,0,34,1,3,13,50581,5,6,2,0,109,5,6,3,16,7,3,4,9,47938,7,5,12,61,6,27,47,4,3,50,2,9,10,183452,10,4,6,53,29,41,14,163,1
40,BCRABL_1868,4,1,0,4,5149,1,10,0,0,0,0,27,0,0,0,0,8,1,12834,1,137,0,0,5,0,28,13,0,1,1,1,1,10326,0,30,0,25,1,28,0,57,0,1,0,0,2,4307,1,5,0,0,0,0,0,1,7,0,0,1,1,4346,1,27,1,48,1,15,35,20,0,37,2,1,6,18257,3,0,0,19,42,47,25,48,0
41,BCRABL_1775,7,0,3,27,129,3742,14,36,0,86,107,617,60,1230,3,2,0,2,164,16005,43,98,133,15,103,213,346,156,3,12,0,20,151,39963,5,58,160,68,2018,92,170,5,279,1,8,191,663,19658,289,282,0,118,364,42,135,60,158,10,4,35,262,71338,41,2334,5260,39,378,54,88,109,1237,17,3,262,750,123019,65,633,86,45,398,17,275,4
42,BCRABL_1796,2,0,0,23,37,2224,1,6,0,61,56,255,45,803,3,2,29,1,8,11334,0,2,96,18,233,188,241,160,1,5,5,2,0,25704,0,1,167,38,1667,77,201,9,181,13,19,92,192,4222,224,46,0,78,374,26,126,52,118,21,60,10,3,13763,38,40,4054,23,310,59,124,79,891,6,0,207,6,24090,33,7,74,48,240,1,249,8
43,BCRABL_1810,10,19,2,41,62,6482,31,7,0,43,155,870,129,1806,15,15,23,1,11,31113,164,9,216,61,430,365,995,172,4,38,3,19,4,70427,11,10,275,109,3540,175,332,21,439,42,37,164,526,22432,690,48,0,142,519,82,228,42,252,84,12,15,14,87892,673,181,8464,44,519,65,307,223,1957,109,5,472,16,151940,91,90,223,88,712,52,448,4
44,BCRABL_1825,8,60,12,27,37,3037,0,4,0,138,91,423,98,1148,6,17,12,12,5,14820,18,0,139,11,229,129,242,231,1,35,9,26,3,34065,2,8,96,53,1956,79,562,40,200,48,69,100,243,6676,254,7,0,133,334,11,117,16,109,201,21,22,12,23365,64,46,4881,3,389,105,125,144,919,57,3,221,7,36945,45,11,98,35,336,50,377,18
45,BCR2_842,2,0,0,22,36,4435,2,3,0,203,125,488,62,1017,2,1,9,0,4,20090,35,12,174,8,249,218,378,161,1,3,1,6,3,47890,1,0,125,34,1695,132,576,7,203,4,12,146,279,10993,340,12,0,60,269,58,71,18,121,23,0,15,28,41494,45,60,4860,33,279,46,41,150,1165,8,4,175,10,67071,92,21,134,99,331,10,414,11
46,BCR2_975,3,0,0,17,40,2757,0,30,0,79,68,527,91,1297,4,1,0,2,5,12160,104,3,168,23,246,219,375,112,2,6,0,9,1,32522,27,1,139,28,1676,52,407,19,140,6,6,157,238,4699,318,72,0,63,299,50,45,1,116,22,1,4,4,21065,117,46,4770,57,326,74,110,142,1010,5,10,152,3,31245,101,6,149,43,382,71,278,8
47,BCRABL_1777,0,0,1,0,2,0,10346,69,0,7,2,1,3,0,1,0,1,0,1,0,35740,149,1,1,0,0,1,1,1,0,0,0,10,1,20192,186,0,4,0,2,1,4,16,7,4,1,14,2,87154,524,0,3,3,4,36,12,4,1,2,14,5,4,226769,2529,16,6,9,1,40,5,11,0,6,8,39,6,64227,1450,12,11,10,1,4,6
48,BCRABL_1797,1,0,1,0,1,0,17270,3,0,1,13,2,5,1,1,0,0,1,0,0,58379,5,12,1,29,0,31,19,1,1,0,1,3,2,36988,21,0,5,4,1,38,1,11,4,4,7,2,2,65023,34,0,4,2,3,4,1,5,1,3,7,2,6,174454,46,33,3,17,3,45,5,6,7,3,12,8,6,52617,40,8,3,7,16,75,0
49,BCR2_487,0,1,1,0,3,1,14955,1,0,0,13,12,0,13,1,1,1,1,0,0,50526,1,14,0,9,3,0,10,1,1,1,3,5,0,30465,7,1,1,84,0,292,8,8,0,3,6,5,3,46891,4,0,0,1,3,0,1,2,2,1,5,3,1,129846,8,14,6,10,20,3,1,9,1,3,3,8,2,32761,2,0,9,14,2,70,1
50,BCRABL_1823,0,27,0,1,0,0,8822,0,0,0,0,28,2,1,1,73,3,0,0,0,29586,16,80,0,21,0,2,0,1,172,1,2,1,13,18373,0,27,0,0,0,205,1,2,22,5,0,1,0,26120,2,0,3,0,3,7,2,2,172,1,1,1,0,75408,4,131,1,12,2,0,1,1,263,2,0,2,2,23208,4,76,2,12,0,41,3
51,BCR2_675,0,1,6,0,5,4,15808,0,0,1,1,72,0,1,1,1,21,2,24,21,53048,1,1,4,1,0,1,2,1,3,12,0,37,35,32917,2,0,1,3,1,821,2,13,1,128,4,25,13,96431,6,0,21,14,2,32,14,4,4,92,23,43,54,265618,85,17,3,11,33,4,12,9,2,77,6,178,37,82224,13,15,18,15,2,356,6
52,BCRABL_1874,0,0,5,0,1,0,9351,48,0,1,5,53,5,0,0,0,39,0,0,1,31275,82,21,0,0,0,78,18,0,0,27,0,1,0,19352,106,14,0,51,0,11,1,5,2,19,5,0,0,26400,243,0,1,13,1,2,1,2,1,1,6,0,1,67565,244,10,2,0,1,3,2,3,0,87,2,7,4,19005,130,2,9,101,19,1,3
53,BCRABL_1778,3,0,16,0,108,8,175,8936,0,27,1,37,1,0,0,2,5,2,278,0,852,17344,7,2,4,0,1,0,0,14,2,0,146,2,502,18555,8,7,33,0,193,1,58,3,11,5,477,1,1459,144174,0,9,33,15,101,6,6,4,25,17,739,16,3658,269361,25,2,26,35,15,16,15,5,92,15,1148,7,1125,113334,9,12,7,5,94,6
54,BCRABL_1798,2,0,0,2,168,0,4,8154,0,2,0,55,0,21,0,1,11,0,474,3,0,15651,5,0,0,1,36,0,0,2,1,0,231,1,3,18090,21,0,53,16,19,0,87,1,5,6,773,2,11,66062,0,3,36,5,18,2,9,6,8,10,402,2,8,162016,5,1,38,16,7,11,22,3,7,5,2110,5,2,70571,26,20,49,2,1,4
55,BCRABL_1811,3,0,1,0,158,0,7,13973,0,0,2,41,3,0,2,1,0,0,658,1,3,26425,8,9,1,3,1,9,1,1,0,9,358,0,2,27445,0,17,32,18,7,2,35,2,8,3,167,0,5,26669,0,0,49,8,101,2,5,1,6,19,53,11,17,68012,14,5,31,1,25,8,14,1,1,3,1687,4,16,27154,19,26,23,0,2,9
56,BCR2_1111,1,14,2,0,83,2,1,6506,0,0,4,1,0,0,1,23,0,0,237,0,0,13214,3,0,0,26,1,0,0,77,0,0,143,0,1,13017,0,6,20,15,421,0,15,87,1,4,35,0,5,12546,0,56,20,6,74,1,3,284,0,19,11,8,1,25939,5,0,25,4,9,0,13,330,0,2,144,1,0,16634,11,0,6,1,222,0
57,BCR2_1099,3,0,4,0,147,0,23,9780,0,1,0,32,0,1,1,0,0,0,432,0,149,19122,15,0,32,0,1,0,0,0,0,0,228,1,55,20782,30,1,44,0,610,0,91,2,7,7,653,7,321,109411,0,8,30,4,90,3,10,5,1,10,825,17,1231,269352,10,5,25,16,26,4,30,4,4,9,1490,5,160,116163,3,19,28,2,327,9
58,BCRABL_1875,1,0,1,18,71,2,111,6014,0,9,0,74,2,1,1,0,0,19,265,2,339,13655,6,6,64,50,62,23,0,3,1,129,241,20,214,14287,38,0,39,40,364,0,45,0,14,121,264,0,387,76521,0,0,11,14,61,4,9,6,13,177,379,32,930,165484,23,3,21,2,30,6,11,5,10,437,1687,6,111,71608,8,0,19,11,124,2
59,BCRABL_1776,8,2,5,9,2,5,13,1,0,7,6,162,52,80,1,2,24,4,5,10,44,8,528228,26,66,53,156,60,6,2,13,26,6,2,6,1,297078,7,249,233,59,10,45,21,13,22,5,4,15,7,0,69,231,56,93,9,19,12,10,3,6,22,19,4,67649,15,111,108,111,52,28,4,23,0,5,2,21,11,44446,23,176,65,38,7
60,BCRABL_1800,10,1,2,3,4,4,19,3,0,38,31,198,57,60,6,2,37,5,15,15,2,9,472800,36,103,42,143,121,6,4,9,19,7,21,10,11,262578,17,211,190,21,1,121,5,6,32,4,6,23,14,0,96,409,41,125,53,11,5,14,9,12,27,21,15,191124,43,115,90,79,53,23,7,32,8,28,5,13,20,129216,91,208,94,86,7
61,BCR2_962,9,1,10,5,3,14,13,0,0,93,39,190,70,28,0,2,12,2,10,10,53,3,604376,19,165,99,121,45,3,8,7,25,12,13,17,12,389371,33,233,281,345,20,47,12,10,61,17,10,23,3,0,117,208,47,159,26,14,5,18,11,10,26,18,26,452546,25,133,154,117,18,37,14,34,8,23,14,45,19,350406,97,200,43,245,21
62,BCRABL_1876,11,2,8,4,1,4,13,8,0,63,43,202,75,154,4,6,22,2,20,13,6,18,537560,9,116,69,126,88,6,7,6,22,3,26,7,18,310205,38,270,221,272,10,68,3,5,46,9,3,30,21,0,39,204,52,153,47,10,6,4,20,12,14,22,35,406747,28,58,148,148,47,54,20,17,30,13,12,4,12,356161,59,175,116,136,1
63,BCRABL_1779,3,4,0,2,4,4,14,2,0,673737,824,16,23,61,3,5,14,2,2,2,37,2,24,279539,1434,19,147,45,7,6,3,2,2,6,24,2,45,507930,1159,42,193,5,17,8,3,22,11,18,122,22,0,589143,544,34,86,60,22,9,9,21,5,8,138,28,241,580748,818,40,99,61,87,3,12,8,14,13,108,29,33,608116,956,29,50,9
64,BCRABL_1826,13,0,4,3,3,10,6,1,0,804253,6657,151,61,28,3,3,2,3,13,11,3,6,42,342596,8527,32,161,24,3,7,2,2,1,50,2,4,22,590818,10383,22,529,1,17,9,4,29,10,35,24,10,0,566511,7668,81,39,54,23,10,9,25,7,18,17,14,249,546346,7390,22,97,29,76,6,6,9,20,51,18,8,36,556134,8335,35,257,9
65,BCRABL_1780,18,1,3,2,0,9,16,0,0,63,519095,1189,24,15,2,3,16,3,2,3,36,4,20,35,783926,19,58,33,4,6,1,14,8,5,81,4,22,30,777630,23,28,7,5,2,4,14,6,4,72,12,0,66,441837,1716,33,30,54,4,0,4,5,1,114,8,28,31,464945,29,20,24,1083,2,7,4,7,2,200,10,40,61,525990,33,34,3
66,BCRABL_1827,9,1,87,2,11,709,1,1,0,221,555476,1527,56,22,3,3,0,1,1,12,19,0,102,86,790873,25,47,22,4,3,1,2,3,14,78,2,23,116,830621,55,45,4,13,7,6,10,11,7,8,11,0,142,637934,2471,42,52,10,6,4,6,3,4,18,14,45,132,667725,29,63,53,6,5,7,17,13,4,81,11,58,140,772965,31,52,5
67,BCRABL_1781,5,10,6,1,3,94,5,1,2,50,2875,924416,21,5,4,5,16,2,1,1,32,0,45,14,4566,437534,71,19,3,2,1,1,3,2,4,5,505,11,4988,599489,67,15,8,8,1,10,4,1,34,6,0,204,1841,452628,67,18,11,8,4,3,1,5,108,13,137,16,2616,307123,45,16,115,2,6,4,4,3,96,13,14,69,5108,444377,71,11
68,BCRABL_1828,7,14,19,3,8,115,5,4,2,24,18,1190419,32,63,2,6,9,1,4,5,29,0,40,16,51,568873,75,38,7,7,4,13,4,2,6,4,639,24,1430,769647,114,14,18,19,10,11,8,4,8,21,2,553,74,1062476,69,68,19,9,9,18,7,6,29,26,109,39,63,803342,62,57,127,8,7,12,11,16,19,14,40,132,3622,988342,153,28
69,BCRABL_1782,8,3,2,5,0,13,3,0,0,49,77,147,671960,38,3,1,4,1,2,2,1,9,153,13,49,63,1451852,19,6,32,3,5,3,6,1,2,52,115,253,26,569569,25,38,7,6,15,9,5,9,6,0,29,52,43,1248406,87,15,10,6,7,3,15,8,20,60,42,80,52,1244105,168,88,4,6,15,6,13,11,13,67,228,121,34,793401,63
70,BCRABL_1829,7,4,1,1,2,20,0,0,0,22,18,27,864822,33,2,6,9,3,6,4,2,3,42,11,53,24,1868849,29,1,2,4,3,5,6,5,2,20,133,253,49,718926,5,3,2,1,6,1,0,0,1,0,23,20,26,451474,12,4,2,7,2,1,2,11,24,55,10,27,39,441050,107,84,0,6,3,3,1,0,2,22,124,84,32,304035,20
71,mROS26_1,17039,1211,1596,1274,1544,403,1457,1411,0,48227,35823,74692,50004,241477,3572,1451,8195,1184,4098,1852,4428,2471,55693,19862,44514,34960,108302,314016,6133,2732,1855,3846,3199,4960,2928,2389,37641,40861,50993,51350,36582,113356,30402,2973,17270,7855,5786,1235,6574,11435,0,52302,65194,49563,83733,332360,4463,6973,21475,7439,6002,5227,20010,28204,112093,53102,54805,34368,75435,305943,4122,6636,20754,13936,22864,8302,6583,11093,75174,52772,80524,47070,45028,79769
72,mROS26_2,14888,1117,1499,1356,1436,435,1287,1174,0,47053,33158,68854,51321,267531,3429,1419,7384,1395,4006,1874,5361,2371,51101,20668,48138,35491,102026,323308,5640,2624,1836,3744,3104,4625,2653,2388,42256,42636,48791,45953,38001,122153,32379,4012,20416,11084,7497,1665,8825,17421,0,72645,98278,67541,106403,429106,6262,8390,25575,9995,7524,8823,28772,31864,129717,69661,98910,50301,90887,410941,4745,9036,24523,15188,26625,11230,7102,12408,122875,88077,111358,60203,69326,107151
73,mROS26_3,17946,1247,2113,1796,1794,582,1906,1324,0,55440,40955,90193,64897,284985,4804,2120,9306,1703,5348,2325,5856,2920,75573,24166,57379,40696,129330,348172,7477,3206,2279,4701,3991,6201,3569,3400,45975,47567,61949,65796,48995,132143,39731,3921,31530,14771,9306,2137,12302,15027,0,80164,101098,70828,130274,470322,7967,12424,25716,13905,10328,6691,35394,41005,176464,83719,99579,54880,118773,426468,5838,10291,28707,17310,34785,14068,10035,19125,114351,80965,116983,76277,78472,111635
74,mROS26_4,17659,1262,1772,1493,1638,491,1537,1297,1,55917,35452,83000,51979,279251,4186,1560,8553,1472,4776,2244,6345,2789,62283,22017,45086,36787,113089,347894,6423,2848,2017,4522,4034,4977,3061,3449,37125,44157,53118,60344,40009,134475,41632,3875,21554,12828,8279,1864,10915,19346,0,73651,86658,72123,116701,449790,6529,9560,31546,12903,8895,8609,34502,37145,159626,78164,85190,52047,104305,406673,5830,10091,22150,17948,31386,11920,8721,19878,99887,82743,114662,76356,63908,112744
75,mROS26_5,11713,767,1116,1155,1060,404,1022,1056,0,46670,25444,59310,34615,224176,2837,1193,6471,934,3602,1318,3741,1876,45977,17589,35442,26775,92439,254321,5209,2003,1278,3344,2860,3807,2701,1617,29337,32375,41785,46217,32360,101704,29410,2458,21565,9122,5192,1543,6710,29731,0,64030,66229,53517,64998,359400,4250,6799,21808,9893,6491,5375,22296,25615,116515,59731,73724,35045,88408,299219,4307,6039,15798,14435,25941,7758,6601,9957,93256,57222,73596,61626,53591,84118
